[{"NSA/NLA": "556", "BuildID": "TOWER 3", "RL": "0", "Level Names": "Level G", "GBA": "556", "Typology": "Resi", "SubBuildID": "A"}, {"NSA/NLA": "556", "BuildID": "TOWER 3", "RL": "3", "Level Names": "Level 1", "GBA": "556", "Typology": "Resi", "SubBuildID": "A"}, {"NSA/NLA": "556", "BuildID": "TOWER 3", "RL": "6", "Level Names": "Level 2", "GBA": "556", "Typology": "Resi", "SubBuildID": "A"}, {"NSA/NLA": "69", "BuildID": "TOWER 3", "RL": "9", "Level Names": "Level 3", "GBA": "69", "Typology": "Resi", "SubBuildID": "AA"}, {"NSA/NLA": "93", "BuildID": "TOWER 3", "RL": "12", "Level Names": "Level 4", "GBA": "93", "Typology": "Resi", "SubBuildID": "AA"}, {"NSA/NLA": "69", "BuildID": "TOWER 3", "RL": "15", "Level Names": "Level 5", "GBA": "69", "Typology": "Resi", "SubBuildID": "AA"}, {"NSA/NLA": "93", "BuildID": "TOWER 3", "RL": "18", "Level Names": "Level 6", "GBA": "93", "Typology": "Resi", "SubBuildID": "AA"}, {"NSA/NLA": "69", "BuildID": "TOWER 3", "RL": "21", "Level Names": "Level 7", "GBA": "69", "Typology": "Resi", "SubBuildID": "AA"}, {"NSA/NLA": "93", "BuildID": "TOWER 3", "RL": "24", "Level Names": "Level 8", "GBA": "93", "Typology": "Resi", "SubBuildID": "AA"}, {"NSA/NLA": "69", "BuildID": "TOWER 3", "RL": "27", "Level Names": "Level 9", "GBA": "69", "Typology": "Resi", "SubBuildID": "AA"}, {"NSA/NLA": "69", "BuildID": "TOWER 3", "RL": "30", "Level Names": "Level 10", "GBA": "69", "Typology": "Resi", "SubBuildID": "AA"}, {"NSA/NLA": "93", "BuildID": "TOWER 3", "RL": "33", "Level Names": "Level 11", "GBA": "93", "Typology": "Resi", "SubBuildID": "AA"}, {"NSA/NLA": "73", "BuildID": "TOWER 3", "RL": "36", "Level Names": "Level 12", "GBA": "73", "Typology": "Resi", "SubBuildID": "AA"}, {"NSA/NLA": "93", "BuildID": "TOWER 3", "RL": "39", "Level Names": "Level 13", "GBA": "93", "Typology": "Resi", "SubBuildID": "AA"}, {"NSA/NLA": "73", "BuildID": "TOWER 3", "RL": "42", "Level Names": "Level 14", "GBA": "73", "Typology": "Resi", "SubBuildID": "AA"}, {"NSA/NLA": "93", "BuildID": "TOWER 3", "RL": "45", "Level Names": "Level 15", "GBA": "93", "Typology": "Resi", "SubBuildID": "AA"}, {"NSA/NLA": "73", "BuildID": "TOWER 3", "RL": "48", "Level Names": "Level 16", "GBA": "73", "Typology": "Resi", "SubBuildID": "AA"}, {"NSA/NLA": "93", "BuildID": "TOWER 3", "RL": "51", "Level Names": "Level 17", "GBA": "93", "Typology": "Resi", "SubBuildID": "AA"}, {"NSA/NLA": "73", "BuildID": "TOWER 3", "RL": "54", "Level Names": "Level 18", "GBA": "73", "Typology": "Resi", "SubBuildID": "AAA"}, {"NSA/NLA": "93", "BuildID": "TOWER 3", "RL": "57", "Level Names": "Level 19", "GBA": "93", "Typology": "Resi", "SubBuildID": "AAA"}, {"NSA/NLA": "73", "BuildID": "TOWER 3", "RL": "60", "Level Names": "Level 20", "GBA": "73", "Typology": "Resi", "SubBuildID": "AAA"}, {"NSA/NLA": "93", "BuildID": "TOWER 3", "RL": "63", "Level Names": "Level 21", "GBA": "93", "Typology": "Resi", "SubBuildID": "AAA"}, {"NSA/NLA": "93", "BuildID": "TOWER 3", "RL": "66", "Level Names": "Level 22", "GBA": "93", "Typology": "Resi", "SubBuildID": "AAA"}, {"NSA/NLA": "93", "BuildID": "TOWER 3", "RL": "69", "Level Names": "Level 23", "GBA": "93", "Typology": "Resi", "SubBuildID": "AAA"}, {"NSA/NLA": "93", "BuildID": "TOWER 3", "RL": "72", "Level Names": "Level 24", "GBA": "93", "Typology": "Resi", "SubBuildID": "AAA"}, {"NSA/NLA": "93", "BuildID": "TOWER 3", "RL": "75", "Level Names": "Level 25", "GBA": "93", "Typology": "Resi", "SubBuildID": "AAA"}, {"NSA/NLA": "93", "BuildID": "TOWER 3", "RL": "78", "Level Names": "Level 26", "GBA": "93", "Typology": "Resi", "SubBuildID": "AAA"}, {"NSA/NLA": "93", "BuildID": "TOWER 3", "RL": "81", "Level Names": "Level 27", "GBA": "93", "Typology": "Resi", "SubBuildID": "AAA"}, {"NSA/NLA": "94", "BuildID": "TOWER 3", "RL": "9", "Level Names": "Level 3", "GBA": "94", "Typology": "Comm", "SubBuildID": "AB"}, {"NSA/NLA": "94", "BuildID": "TOWER 3", "RL": "11", "Level Names": "Level 28", "GBA": "94", "Typology": "Comm", "SubBuildID": "AB"}, {"NSA/NLA": "94", "BuildID": "TOWER 3", "RL": "13", "Level Names": "Level 29", "GBA": "94", "Typology": "Comm", "SubBuildID": "AB"}, {"NSA/NLA": "94", "BuildID": "TOWER 3", "RL": "15", "Level Names": "Level 5", "GBA": "94", "Typology": "Comm", "SubBuildID": "AB"}, {"NSA/NLA": "94", "BuildID": "TOWER 3", "RL": "17", "Level Names": "Level 30", "GBA": "94", "Typology": "Comm", "SubBuildID": "AB"}, {"NSA/NLA": "94", "BuildID": "TOWER 3", "RL": "19", "Level Names": "Level 31", "GBA": "94", "Typology": "Resi", "SubBuildID": "ABA"}, {"NSA/NLA": "94", "BuildID": "TOWER 3", "RL": "22", "Level Names": "Level 32", "GBA": "94", "Typology": "Resi", "SubBuildID": "ABA"}, {"NSA/NLA": "94", "BuildID": "TOWER 3", "RL": "25", "Level Names": "Level 33", "GBA": "94", "Typology": "Resi", "SubBuildID": "ABA"}, {"NSA/NLA": "94", "BuildID": "TOWER 3", "RL": "28", "Level Names": "Level 34", "GBA": "94", "Typology": "Resi", "SubBuildID": "ABA"}, {"NSA/NLA": "94", "BuildID": "TOWER 3", "RL": "31", "Level Names": "Level 35", "GBA": "94", "Typology": "Resi", "SubBuildID": "ABA"}]